timeframe,variant,num_windows,oos_num_trades,mean_oos_total_return,mean_oos_profit_factor,mean_oos_sharpe,mean_return_gap,mean_profit_factor_gap,mean_oos_fill_rate
15m,A,24,3037,-0.041813518383546654,0.922326215730301,-8.840805363787043,-0.19218985599646135,-0.06366304440950277,
15m,B,24,1697,-0.020981546330121583,0.9314453521737164,-7.964023644160561,-0.08299185260677326,-0.020372993913924123,0.2874425447638042
1h,A,21,770,0.0357720542446354,1.2492170458475187,7.312160409379105,0.049977234985767914,-0.15901474481751587,
1h,B,21,457,0.006500492665252665,1.123522934927911,1.4163151823576385,0.01913486052641604,-0.06445112798588057,0.3318765297708011
4h,A,21,191,0.009422635807971043,1.3586706566998705,3.9143189085465737,0.010392235558615329,-0.2535868930537806,
4h,B,21,113,0.004598711538965221,1.3817027144004101,1.9617169450998415,0.0125140826679661,-0.21781631629114495,0.4073341788819742
1d,A,24,31,0.0028133506400694545,0.5986616025337088,737.0859077868672,0.009637257606189283,1.3781619059825383,
1d,B,24,8,-0.0013534149245831336,0.13916411840116386,-2.730626357984995,-0.0036833989269177054,0.24209473351653726,0.25
